INSERT INTO LoaiSanPham (Ten)
VALUES
    (N'Điện thoại'),
    (N'Laptop'),
    (N'Máy tính bảng'),
    (N'Phụ kiện'),
    (N'Tivi'),
    (N'Máy ảnh'),
    (N'Đồng hồ thông minh'),
    (N'Loa'),
    (N'Tai nghe'),
    (N'Máy in');

INSERT INTO SanPham ( TenSP, NgaySanXuat, PhanLoai, GiaNiemYet)
VALUES
    ( N'iPhone 15', '2024-01-01', N'Điện thoại', 29990000),
    ( N'Samsung Galaxy S23', '2024-02-15', N'Điện thoại', 24990000),
    ( N'MacBook Pro 14', '2023-10-01', N'Laptop', 54990000),
    (N'Dell XPS 13', '2024-03-20', N'Laptop', 35990000),
    ( N'iPad Air', '2024-04-12', N'Máy tính bảng', 19990000),
    ( N'Samsung Tab S8', '2024-05-10', N'Máy tính bảng', 15990000),
    (N'Ốp lưng iPhone 15', '2024-01-02', N'Phụ kiện', 399000),
    (N'Cáp sạc USB-C', '2024-01-03', N'Phụ kiện', 299000),
    (N'Tivi LG OLED 55 inch', '2023-12-25', N'Tivi', 29999000),
    ( N'Tivi Samsung QLED 65 inch', '2024-02-10', N'Tivi', 35999000),
    ( N'Máy ảnh Sony A7 III', '2023-11-01', N'Máy ảnh', 49990000),
    (N'Canon EOS 90D', '2024-01-15', N'Máy ảnh', 35990000),
    ( N'Apple Watch Series 9', '2024-03-01', N'Đồng hồ thông minh', 10990000),
    (N'Samsung Galaxy Watch 6', '2024-04-01', N'Đồng hồ thông minh', 7990000),
    ( N'Loa JBL Charge 5', '2023-12-15', N'Loa', 3990000),
    ( 'Loa Sony SRS-XB43', '2024-01-20', N'Loa', 4990000),
    ( N'Tai nghe Sony WH-1000XM5', '2024-02-15', N'Tai nghe', 8990000),
    ( N'Tai nghe AirPods Pro 2', '2024-03-01', N'Tai nghe', 5990000),
    ( N'Máy in Canon LBP2900', '2024-04-10', N'Máy in', 3599000),
    (N'Máy in HP LaserJet Pro', '2024-05-15', N'Máy in', 3999000),
    (N'Dell Inspiron 15', '2023-08-10', N'Laptop', 25990000),
    (N'Xiaomi Pad 6', '2023-09-05', N'Máy tính bảng', 12990000),
    (N'Ốp lưng Galaxy S23', '2023-11-10', N'Phụ kiện', 499000),
    (N'Samsung Neo QLED 8K', '2024-02-18', N'Tivi', 75999000),
    (N'Canon PowerShot G7', '2023-12-30', N'Máy ảnh', 20990000),
    (N'Huawei Watch GT 4', '2023-11-25', N'Đồng hồ thông minh', 5990000),
    (N'Loa Bose SoundLink', '2024-01-12', 'Loa', 4990000),
    ( N'Tai nghe Bose 700', '2024-03-15', 'Tai nghe', 9990000),
    ( N'Máy in Brother HL-L2350DW', '2023-11-05', N'Máy in', 4599000),
    ( N'HP Spectre x360', '2023-08-15', 'Laptop', 44990000),
    ( N'iPad Mini', '2024-04-20', N'Máy tính bảng', 14990000),
    ( N'Ốp lưng iPad Air', '2024-04-22', N'Phụ kiện', 299000),
    ( N'Cáp sạc iPhone 15', '2024-01-05', N'Phụ kiện', 199000),
    ( N'Tivi Sony OLED 65 inch', '2024-02-25', 'Tivi', 39999000),
    ( N'Tivi TCL QLED 55 inch', '2024-03-10', 'Tivi', 19999000),
    ( N'Máy ảnh Nikon Z6 II', '2023-10-20', N'Máy ảnh', 39990000),
    ( N'Máy ảnh Fujifilm X-T4', '2024-01-25', N'Máy ảnh', 29990000),
    ( N'Đồng hồ Apple Watch SE', '2024-03-05', N'Đồng hồ thông minh', 4990000),
    ( N'Đồng hồ Garmin Venu 2', '2024-04-05', N'Đồng hồ thông minh', 6990000),
    ( N'Loa Harman Kardon Onyx Studio 7', '2023-12-20', 'Loa', 5990000),
    ( N'Loa Marshall Stanmore II', '2024-01-25', 'Loa', 6990000),
    ( N'Tai nghe Sennheiser Momentum 3', '2024-02-20', 'Tai nghe', 10990000),
    ( N'Tai nghe JBL Tune 750BTNC', '2024-03-10', 'Tai nghe', 1990000),
    ( N'Máy in Epson L3150', '2024-04-15', N'Máy in', 2999000),
    ( N'Máy in Canon Pixma G2010', '2024-05-20', N'Máy in', 2599000),
    ( N'Dell XPS 15', '2023-09-10', N'Laptop',20000000),
    ( N'MacBook Air 13', '2023-10-15', N'Laptop', 34990000),
    ( N'iPad Pro', '2024-04-25', N'Máy tính bảng', 24990000),
    ( N'Ốp lưng Xiaomi Pad 6', '2023-09-15', N'Phụ kiện', 199000),
    ( N'Cáp sạc Samsung Tab S8', '2024-05-10', N'Phụ kiện', 199000),
    ( N'Tivi Panasonic OLED 65 inch', '2024-02-28', N'Tivi', 49999000),
    ( N'Tivi Xiaomi QLED 55 inch', '2024-03-15', N'Tivi', 15999000),
    ( N'Máy ảnh Canon EOS R6', '2023-10-25', N'Máy ảnh', 29990000);

INSERT INTO HangTrongKho (IDSP, SLSPTD, SPSPTK)
VALUES
    (1, 100, 50),
    (2, 200, 30),
    (3, 150, 20),
    (4, 120, 40),
    (5, 300, 60),
    (6, 250, 70),
    (7, 180, 90),
    (8, 170, 50),
    (9, 400, 100),
    (10, 350, 80),
    (11, 100, 30),
    (12, 200, 40),
    (13, 150, 50),
    (14, 120, 20),
    (15, 300, 60),
    (16, 250, 70),
    (17, 180, 90),
    (18, 170, 50),
    (19, 400, 100),
    (20, 350, 80),
    (21, 100, 30),
    (22, 200, 40),
    (23, 150, 50),
    (24, 120, 20),
    (25, 300, 60),
    (26, 250, 70),
    (27, 180, 90),
    (28, 170, 50),
    (29, 400, 100),
    (30, 350, 80),
    (31, 100, 30),
    (32, 200, 40),
    (33, 150, 50),
    (34, 120, 20),
    (35, 300, 60),
    (36, 250, 70),
    (37, 180, 90),
    (38, 170, 50),
    (39, 400, 100),
    (40, 350, 80),
    (41, 100, 30),
    (42, 200, 40),
    (43, 150, 50),
    (44, 120, 20),
    (45, 300, 60),
    (46, 250, 70),
    (47, 180, 90),
    (48, 170, 50),
    (49, 400, 100),
    (50, 350, 80),
    (51, 100, 25),
    (52, 120, 35),
    (53, 140, 45);

INSERT INTO dbo.LoaiKhachHang (Ten, UuDai, NguongTren)
VALUES (N'Kim cương', 1200000,50000000),
    (N'Bạch kim', 700000, 30000000),
    (N'Vàng', 500000, 15000000),
    (N'Bạc', 200000, 5000000),
    (N'Đồng', 100000, 1),
    (N'Thân thiết', 0, 0);

INSERT INTO KhachHang (SDT, NgaySinh, NgayDangKy, LoaiKH, TongTienMua, Voucher)
VALUES
    ('0987654321', '1990-01-15', '2023-01-01', N'Kim cương', 60000000, 0),
    ('0987654322', '1985-03-20', '2023-02-10', N'Bạch kim', 45000000, 0),
    ('0987654323', '1995-06-10', '2023-03-05', N'Vàng', 35000000, 0),
    ('0987654324', '2000-09-12', '2023-04-08', N'Bạc', 20000000, 1),
    ('0987654325', '1998-12-25', '2023-05-01', N'Đồng', 7000000, 0),
    ('0987654326', '1992-07-07', '2023-06-15', N'Thân thiết', 3000000, 0),
    ('0987654327', '1988-02-14', '2023-07-20', N'Kim cương', 70000000, 0),
    ('0987654328', '1996-05-30', '2023-08-11', N'Bạch kim', 52000000, 0),
    ('0987654329', '1993-10-03', '2023-09-05', N'Vàng', 34000000, 0),
    ('0987654330', '1999-01-10', '2023-10-01', N'Bạc', 18000000, 0),
    ('0987654331', '1997-11-11', '2023-11-01', N'Đồng', 6000000, 0),
    ('0987654332', '1991-04-21', '2023-12-01', N'Thân thiết', 2000000, 0),
    ('0987654333', '1989-07-25', '2023-01-10', N'Kim cương', 65000000, 0),
    ('0987654334', '1994-02-28', '2023-02-18', N'Bạch kim', 53000000, 0),
    ('0987654335', '1990-06-15', '2023-03-12', N'Vàng', 32000000, 1),
    ('0987654336', '1995-09-18', '2023-04-22', N'Bạc', 16000000, 0),
    ('0987654337', '2001-03-03', '2023-05-05', N'Đồng', 8000000, 0),
    ('0987654338', '1987-12-17', '2023-06-10', N'Thân thiết', 4000000, 0),
    ('0987654339', '1992-08-08', '2023-07-25', N'Kim cương', 75000000, 1),
    ('0987654340', '1999-05-01', '2023-08-20', N'Bạch kim', 54000000, 1);

INSERT INTO CTKM (ThoiGianBatDau, ThoiGianKetThuc, KhaDung, LoaiSale)
VALUES
    ('2025-01-10','2025-01-20',1,'Flash Sale'),
    ('2025-02-10','2025-02-20',1,'Flash Sale'),
    ('2025-03-10','2025-03-20',1,'Flash Sale'),
    ('2025-04-10','2025-04-20',1,'Flash Sale'),
    ('2025-05-10','2025-05-20',1,'Flash Sale'),
    ('2025-06-10','2025-06-20',1,'Flash Sale'),
    ('2025-07-10','2025-07-20',1,'Flash Sale'),
    ('2025-08-10','2025-08-20',1,'Flash Sale'),
    ('2025-09-10','2025-09-20',1,'Flash Sale'),
    ('2025-10-10','2025-10-20',1,'Flash Sale'),
    ('2025-11-10','2025-11-20',1,'Flash Sale'),
    ('2025-12-10','2025-12-20',1,'Flash Sale'),
    ('2025-01-10','2025-01-20',1,'Member Sale'),
    ('2025-02-10','2025-02-20',1,'Member Sale'),
    ('2025-03-10','2025-03-20',1,'Member Sale'),
    ('2025-04-10','2025-04-20',1,'Member Sale'),
    ('2025-05-10','2025-05-20',1,'Member Sale'),
    ('2025-06-10','2025-06-20',1,'Member Sale'),
    ('2025-07-10','2025-07-20',1,'Member Sale'),
    ('2025-08-10','2025-08-20',1,'Member Sale'),
    ('2025-09-10','2025-09-20',1,'Member Sale'),
    ('2025-10-10','2025-10-20',1,'Member Sale'),
    ('2025-11-10','2025-11-20',1,'Member Sale'),
    ('2025-12-10','2025-12-20',1,'Member Sale'),
    ('2025-01-10','2025-01-20',1,'Combo Sale'),
    ('2025-02-10','2025-02-20',1,'Combo Sale'),
    ('2025-03-10','2025-03-20',1,'Combo Sale'),
    ('2025-04-10','2025-04-20',1,'Combo Sale'),
    ('2025-05-10','2025-05-20',1,'Combo Sale'),
    ('2025-06-10','2025-06-20',1,'Combo Sale'),
    ('2025-07-10','2025-07-20',1,'Combo Sale'),
    ('2025-08-10','2025-08-20',1,'Combo Sale'),
    ('2025-09-10','2025-09-20',1,'Combo Sale'),
    ('2025-10-10','2025-10-20',1,'Combo Sale'),
    ('2025-11-10','2025-11-20',1,'Combo Sale'),
    ('2025-12-10','2025-12-20',1,'Combo Sale');

INSERT INTO CTCTKMFlashSale (IDSP, IDCTKM, SLKM, PhanTramKM, KhaDung)
VALUES
    (1, 1, 10, 10,1),
    (2, 1, 15, 15,1),
    (3, 1, 20, 20,1),
    (4, 2, 25, 25,1),
    (5, 2, 30, 30,1),
    (6, 3, 35, 35,1),
    (7, 3, 40, 40,1),
    (8, 4, 45, 45,1),
    (9, 4, 50, 50,1),
    (10, 5, 55, 55,1),
    (11, 5, 60, 60,0),
    (12, 6, 65, 65,0),
    (13, 6, 10, 10,1),
    (14, 7, 15, 15,1),
    (15, 7, 20, 20,1),
    (16, 7, 25, 25,1),
    (17, 8, 30, 30,1),
    (18, 8, 35, 35,0),
    (19, 8, 40, 40,0),
    (20, 8, 45, 45,0),
    (21, 9, 50, 50,0),
    (22, 9, 55, 55,0),
    (23, 9, 60, 60,0),
    (24, 10, 65, 65,0),
    (25, 10, 10, 10,0),
    (26, 11, 15, 15,0),
    (27, 12, 20, 20,0),
    (28, 12, 25, 25,0),
    (29, 12, 30, 30,0),
    (30, 12, 35, 35,1),
    (31, 12, 40, 40,1),
    (32, 12, 45, 45,1);

INSERT INTO CTCTKMComboSale (IDSP1,IDSP2, IDCTKM, SLKM, PhanTramKM, KhaDung)
VALUES
    -- generate data into CTCTKMComboSale with IDSP1 and IDSP2 from 1 to 53, IDCTKM from 25 to 36
    -- do it yourself
    (1, 2, 25, 10, 10, 1),
    (3, 4, 25, 15, 15, 1),
    (5, 6, 26, 20, 20, 1),
    (7, 8, 26, 25, 25, 1),
    (9, 10, 27, 30, 30, 1),
    (11, 12, 27, 35, 35, 1),
    (13, 14, 28, 40, 40, 1),
    (15, 16, 28, 45, 45, 1),
    (17, 18, 29, 50, 50, 1),
    (19, 20, 29, 55, 55, 1),
    (21, 22, 30, 60, 60, 1),
    (23, 24, 30, 10, 10, 1),
    (25, 26, 31, 15, 15, 1),
    (27, 28, 31, 20, 20, 1),
    (29, 30, 32, 25, 25, 1),
    (31, 32, 32, 30, 30, 1),
    (33, 34, 33, 35, 35, 1),
    (35, 36, 33, 40, 40, 1),
    (37, 38, 34, 45, 45, 1),
    (39, 40, 34, 50, 50, 1),
    (41, 42, 35, 55, 55, 1),
    (43, 44, 35, 60, 60, 1),
    (45, 46, 36, 10, 10, 1),
    (47, 48, 36, 15, 15, 1),
    (49, 50, 36, 20, 20, 1),
    (51, 52, 36, 25, 25, 1);

INSERT INTO CTCTKMMemberSale (IDSP, IDCTKM, SLKM, KhaDung)
VALUES
    -- generate data into CTCTKMMemberSale with IDSP from 1 to 53, IDCTKM from 13 to 24
    -- do it yourself
    (1, 13, 10, 1),
    (2, 13, 15, 1),
    (3, 14, 20, 1),
    (4, 14, 25, 1),
    (5, 15, 30, 1),
    (6, 15, 35, 1),
    (7, 16, 40, 1),
    (8, 16, 45, 1),
    (9, 17, 50, 1),
    (10, 17, 55, 1),
    (11, 18, 60, 1),
    (12, 18, 10, 1),
    (13, 19, 15, 1),
    (14, 19, 20, 1),
    (15, 20, 25, 1),
    (16, 20, 30, 1),
    (17, 21, 35, 1),
    (18, 21, 40, 1),
    (19, 22, 45, 1),
    (20, 22, 50, 1),
    (21, 23, 55, 1),
    (22, 23, 60, 1),
    (23, 24, 10, 1),
    (24, 24, 15, 1);

INSERT INTO CTUuDaiMemberSale (IDCTKM, IDSP, LoaiKhachHang, PhanTramKM)
VALUES
    -- generate data into CTUuDaiMemberSale with IDSP from 1 to 53, IDCTKM from 13 to 24
    -- do it
    (13, 1, N'Bạch kim', 10),
    (13, 1, N'Kim cương', 15),
    (13, 1, N'Vàng', 5),
    (13,1,N'Bạc',4),
    (13,1,N'Đồng',3),
    (13,1,N'Thân thiết',2),

    (13,2,N'Bạch kim',10),
    (13,2,N'Kim cương',15),
    (13,2,N'Vàng',5),
    (13,2,N'Bạc',4),
    (13,2,N'Đồng',3),
    (13,2,N'Thân thiết',2),
    (14,3,N'Bạch kim',10),
    (14,3,N'Kim cương',15),
    (14,3,N'Vàng',5),
    (14,3,N'Bạc',4),
    (14,3,N'Đồng',3),
    (14,3,N'Thân thiết',2),
    (14,4,N'Bạch kim',10),
    (14,4,N'Kim cương',15),
    (14,4,N'Vàng',5),
    (14,4,N'Bạc',4),
    (14,4,N'Đồng',3),
    (14,4,N'Thân thiết',2),
    (15,5,N'Bạch kim',10),
    (15,5,N'Kim cương',15),
    (15,5,N'Vàng',5),
    (15,5,N'Bạc',4),
    (15,5,N'Đồng',3),
    (15,5,N'Thân thiết',2),
    (15,6,N'Bạch kim',10),
    (15,6,N'Kim cương',15),
    (15,6,N'Vàng',5),
    (15,6,N'Bạc',4),
    (15,6,N'Đồng',3),
    (15,6,N'Thân thiết',2),
    (16,7,N'Bạch kim',10),
    (16,7,N'Kim cương',15),
    (16,7,N'Vàng',5),
    (16,7,N'Bạc',4),
    (16,7,N'Đồng',3),
    (16,7,N'Thân thiết',2),
    (16,8,N'Bạch kim',10),
    (16,8,N'Kim cương',15),
    (16,8,N'Vàng',5),
    (16,8,N'Bạc',4),
    (16,8,N'Đồng',3),
    (16,8,N'Thân thiết',2),
    (17,9,N'Bạch kim',10),
    (17,9,N'Kim cương',15),
    (17,9,N'Vàng',5),
    (17,9,N'Bạc',4),
    (17,9,N'Đồng',3),
    (17,9,N'Thân thiết',2),
    (17,10,N'Bạch kim',10),
    (17,10,N'Kim cương',15),
    (17,10,N'Vàng',5),
    (17,10,N'Bạc',4),
    (17,10,N'Đồng',3),
    (17,10,N'Thân thiết',2),
    (18,11,N'Bạch kim',10),
    (18,11,N'Kim cương',15),
    (18,11,N'Vàng',5),
    (18,11,N'Bạc',4),
    (18,11,N'Đồng',3),
    (18,11,N'Thân thiết',2),
    (18,12,N'Bạch kim',10),
    (18,12,N'Kim cương',15),
    (18,12,N'Vàng',5),
    (18,12,N'Bạc',4),
    (18,12,N'Đồng',3),
    (18,12,N'Thân thiết',2),
    (19,13,N'Bạch kim',10),
    (19,13,N'Kim cương',15),
    (19,13,N'Vàng',5),
    (19,13,N'Bạc',4),
    (19,13,N'Đồng',3),
    (19,13,N'Thân thiết',2),
    (19,14,N'Bạch kim',10),
    (19,14,N'Kim cương',15),
    (19,14,N'Vàng',5),
    (19,14,N'Bạc',4),
    (19,14,N'Đồng',3),
    (19,14,N'Thân thiết',2),
    (20,15,N'Bạch kim',10),
    (20,15,N'Kim cương',15),
    (20,15,N'Vàng',5),
    (20,15,N'Bạc',4),
    (20,15,N'Đồng',3),
    (20,15,N'Thân thiết',2),
    (20,16,N'Bạch kim',10),
    (20,16,N'Kim cương',15),
    (20,16,N'Vàng',5),
    (20,16,N'Bạc',4),
    (20,16,N'Đồng',3),
    (20,16,N'Thân thiết',2),
    (21,17,N'Bạch kim',10),
    (21,17,N'Kim cương',15),
    (21,17,N'Vàng',5),
    (21,17,N'Bạc',4),
    (21,17,N'Đồng',3),
    (21,17,N'Thân thiết',2),
    (21,18,N'Bạch kim',10),
    (21,18,N'Kim cương',15),
    (21,18,N'Vàng',5),
    (21,18,N'Bạc',4),
    (21,18,N'Đồng',3),
    (21,18,N'Thân thiết',2),
    (22,19,N'Bạch kim',10),
    (22,19,N'Kim cương',15),
    (22,19,N'Vàng',5),
    (22,19,N'Bạc',4),
    (22,19,N'Đồng',3),
    (22,19,N'Thân thiết',2),
    (22,20,N'Bạch kim',10),
    (22,20,N'Kim cương',15),
    (22,20,N'Vàng',5),
    (22,20,N'Bạc',4),
    (22,20,N'Đồng',3),
    (22,20,N'Thân thiết',2),
    (23,21,N'Bạch kim',10),
    (23,21,N'Kim cương',15),
    (23,21,N'Vàng',5),
    (23,21,N'Bạc',4),
    (23,21,N'Đồng',3),
    (23,21,N'Thân thiết',2),
    (23,22,N'Bạch kim',10),
    (23,22,N'Kim cương',15),
    (23,22,N'Vàng',5),
    (23,22,N'Bạc',4),
    (23,22,N'Đồng',3),
    (23,22,N'Thân thiết',2),
    (24,23,N'Bạch kim',10),
    (24,23,N'Kim cương',15),
    (24,23,N'Vàng',5),
    (24,23,N'Bạc',4),
    (24,23,N'Đồng',3),
    (24,23,N'Thân thiết',2),
    (24,24,N'Bạch kim',10),
    (24,24,N'Kim cương',15),
    (24,24,N'Vàng',5),
    (24,24,N'Bạc',4),
    (24,24,N'Đồng',3),
    (24,24,N'Thân thiết',2);

INSERT INTO DonHang (NgayMua,TongGiamGia, TongTien, TrangThai, IDKH)
VALUES
    -- generate data into DonHang with TrangThai is 'Đã Thanh Toan' or 'Chua Thanh Toan'
    -- do it yourself
    ('2025-01-01', 0, 60000000, N'Đã Thanh Toán', '0987654321'),
    ('2025-02-10', 0, 45000000, N'Đã Thanh Toán', '0987654321'),
    ('2025-03-05', 0, 35000000, N'Đã Thanh Toán', '0987654321'),
    ('2025-04-08', 0, 20000000, N'Đã Thanh Toán', '0987654322'),
    ('2025-05-01', 0, 7000000, N'Đã Thanh Toán', '0987654322'),
    ('2025-06-15', 0, 3000000, N'Đã Thanh Toán', '0987654322'),
    ('2025-07-20', 0, 70000000, N'Chưa  Thanh Toán', '0987654322'),
    ('2025-08-11', 0, 52000000, N'Chưa  Thanh Toán', '0987654323'),
    ('2025-09-05', 0, 34000000, N'Chưa  Thanh Toán', '0987654323'),
    ('2025-10-01', 0, 18000000, N'Chưa  Thanh Toán', '0987654323'),
    ('2025-11-01', 0, 6000000, N'Chưa  Thanh Toán', '0987654323'),
    ('2025-12-01', 0, 2000000, N'Chưa  Thanh Toán', '0987654323'),
    ('2024-11-07', 0, 10000000, N'Đã Thanh Toán', '0987654321'),
    ('2024-11-08', 0, 15000000, N'Đã Thanh Toán', '0987654322'),
    ('2024-11-09', 0, 20000000, N'Chưa Thanh Toán', '0987654323'),
    ('2024-11-10', 0, 8000000, N'Đã Thanh Toán', '0987654324'),
    ('2024-11-11', 0, 12000000, N'Đã Thanh Toán', '0987654325'),
    ('2024-11-12', 0, 7000000, N'Chưa Thanh Toán', '0987654326'),
    ('2024-11-15', 0, 25000000, N'Đã Thanh Toán', '0987654327');

INSERT INTO CTDH (IDSP, IDDH, SL, Gia,IDCTKM)
VALUES
    -- generate data into CTDH with IDSP from 1 to 53, IDDH from 1 to 12, IDCTKM from 1 to 36
    -- do it yourself
    (1, 1, 1, 35990000, null),
    (2, 1, 1, 19990000, null),
    (3, 1, 1, 15990000, null),
    (4, 2, 1, 399000, null),
    (5, 2, 1, 299000, null),
    (6, 3, 1, 29999000, null),
    (7, 3, 1, 35999000, null),
    (8, 4, 1, 49990000, null),
    (9, 4, 1, 35990000, null),
    (10, 5, 1, 10990000, null),
    (11, 5, 1, 7990000, null),
    (12, 6, 1, 3990000, null),
    (13, 6, 1, 4990000, null),
    (14, 7, 1, 8990000, null),
    (15, 7, 1, 5990000, null),
    (16, 8, 1, 3599000, null),
    (17, 8, 1, 3999000, null),
    (18, 9, 1, 25990000, null),
    (19, 9, 1, 12990000, null),
    (20, 10, 1, 499000, null),
    (21, 10, 1, 75999000, null),
    (22, 11, 1, 20990000, null),
    (23, 11, 1, 5990000, null),
    (24, 12, 1, 4990000, null),
    (25, 12, 1, 9990000, null),
    (1, 13, 3, 30000000, NULL),
    (2, 14, 2, 15000000, NULL),
    (3, 15, 4, 20000000, NULL),
    (4, 16, 5, 8000000, NULL),
    (5, 18, 2, 12000000, NULL),
    (6, 18, 3, 7000000, NULL),
    (7, 18, 6, 25000000, NULL);
    
INSERT INTO DonGiaoHang(NgayGiao, TrangThai)
VALUES
    -- generate data into DonGiaoHang with TrangThai is 'Đã Giao' or 'Chưa Giao'
    -- do it yourself
    ('2025-01-01', N'Đã Giao'),
    ('2025-02-10', N'Đã Giao'),
    ('2025-03-05', N'Đã Giao'),
    ('2025-04-08', N'Đã Giao'),
    ('2025-05-01', N'Đã Giao'),
    ('2025-06-15', N'Đã Giao'),
    ('2025-07-20', N'Đã Giao'),
    ('2025-08-11', N'Đã Giao'),
    ('2025-09-05', N'Đã Giao'),
    ('2025-10-01', N'Đã Giao');

INSERT INTO DonDatHang (SL, SLDuocGiao, NgayDat, TrangThai,IDHTK,IDDGH)
VALUES
    -- generate data into DonDatHang with TrangThai is 'Đã Giao' or 'Chưa Giao'
    -- do it yourself
    (1, 1, '2025-01-01', N'Đã Giao', 1, 1),
    (1, 1, '2025-02-10', N'Đã Giao', 2, 2),
    (1, 1, '2025-03-05', N'Đã Giao', 3, 3),
    (1, 1, '2025-04-08', N'Đã Giao', 4, 4),
    (1, 1, '2025-05-01', N'Đã Giao', 5, 5),
    (1, 1, '2025-06-15', N'Đã Giao', 6, 6),
    (1, 1, '2025-03-05', N'Đã Giao', 3, 7),
    (1, 1, '2025-04-08', N'Đã Giao', 4, 8),
    (1, 1, '2025-05-01', N'Đã Giao', 5, 9),
    (1, 1, '2025-06-15', N'Đã Giao', 6, 10),
    (1, 1, '2025-07-20', N'Chưa Giao', 7, null),
    (1, 1, '2025-08-11', N'Chưa Giao', 8, null),
    (1, 1, '2025-09-05', N'Chưa Giao', 9, null),
    (1, 1, '2025-10-01', N'Chưa Giao', 10, null),
    (1, 1, '2025-11-01', N'Chưa Giao', 11, null),
    (1, 1, '2025-12-01', N'Chưa Giao', 12, null);

INSERT INTO ThongKe (NgayThongKe, TongDoanhThu, TongSLKH)
VALUES
    ('2025-01-01', 60000000, 404),
    ('2025-01-02', 45000000, 1011),
    ('2025-01-03', 35000000, 435),
    ('2025-01-04', 20000000, 1234),
    ('2025-01-05', 7000000, 123),
    ('2025-01-06', 3000000, 1677),
    ('2025-01-07', 70000000, 3243),
    ('2025-01-08', 52000000, 787),
    ('2025-01-09', 34000000, 435),
    ('2025-01-10', 18000000, 675);

INSERT INTO ThongKeSP (NgayThongKe, SLDaBan, SLKHDatMua, IDSP)
VALUES
    ('2025-01-01', 234, 200, 1),
    ('2025-01-01', 234, 200, 2),
    ('2025-01-01', 234, 200, 3),
    ('2025-01-02', 234, 200, 4),
    ('2025-01-02', 234, 200, 5),
    ('2025-01-03', 234, 200, 6),
    ('2025-01-03', 234, 435, 7),
    ('2025-01-04', 234, 435, 8),
    ('2025-01-04', 234, 435, 9),
    ('2025-01-05', 234, 435, 10),
    ('2025-01-05', 234, 435, 11),
    ('2025-01-06', 234, 435, 12),
    ('2025-01-06', 234, 435, 13),
    ('2025-01-07', 234, 234, 14),
    ('2025-01-07', 234, 234, 15),
    ('2025-01-08', 234, 234, 16),
    ('2025-01-08', 234, 234, 17),
    ('2025-01-09', 234, 234, 18);